measure_id,measure_name,location_id,location_name,sex_id,sex_name,age_id,age_name,cause_id,cause_name,metric_id,metric_name,year,val,upper,lower
1,Deaths,200,Benin,1,Male,22,All Ages,560,Alcohol use disorders,1,Number,2017,87.20589487220175,147.92366207392695,47.146298722719116
1,Deaths,200,Benin,2,Female,22,All Ages,560,Alcohol use disorders,1,Number,2017,42.155429170583844,67.6104254685127,16.997798632352374
1,Deaths,200,Benin,3,Both,22,All Ages,560,Alcohol use disorders,1,Number,2017,129.3613240427856,195.22778130126125,74.36336020831476
1,Deaths,23,Kiribati,1,Male,22,All Ages,560,Alcohol use disorders,1,Number,2017,0.371269242985449,0.6253505083269854,0.2523781946060867
1,Deaths,23,Kiribati,2,Female,22,All Ages,560,Alcohol use disorders,1,Number,2017,0.05125027695830201,0.09047629463071062,0.03343143855279431
1,Deaths,23,Kiribati,3,Both,22,All Ages,560,Alcohol use disorders,1,Number,2017,0.42251951994375075,0.7088929187983056,0.29566415471443325
1,Deaths,98,Chile,1,Male,22,All Ages,560,Alcohol use disorders,1,Number,2017,586.6526589852638,703.1326264220118,483.96768021833327
1,Deaths,98,Chile,2,Female,22,All Ages,560,Alcohol use disorders,1,Number,2017,84.73857423125233,107.13746020788152,67.05171240452034
1,Deaths,98,Chile,3,Both,22,All Ages,560,Alcohol use disorders,1,Number,2017,671.3912332165163,799.5839889343989,563.0467317097363
1,Deaths,175,Burundi,1,Male,22,All Ages,560,Alcohol use disorders,1,Number,2017,85.49194539557647,140.7855114267108,49.580106439430665
1,Deaths,175,Burundi,2,Female,22,All Ages,560,Alcohol use disorders,1,Number,2017,24.357926008098474,40.189089786892886,13.807856252492245
1,Deaths,175,Burundi,3,Both,22,All Ages,560,Alcohol use disorders,1,Number,2017,109.84987140367507,176.09284933488206,72.96664828310925
1,Deaths,149,Palestine,1,Male,22,All Ages,560,Alcohol use disorders,1,Number,2017,8.483781279255277,10.798643938897241,6.855827187850319
1,Deaths,149,Palestine,2,Female,22,All Ages,560,Alcohol use disorders,1,Number,2017,1.2600106554864925,1.553379600213751,0.9315097415494742
1,Deaths,149,Palestine,3,Both,22,All Ages,560,Alcohol use disorders,1,Number,2017,9.743791934741775,12.130404079040748,8.071795864135728
1,Deaths,48,Hungary,1,Male,22,All Ages,560,Alcohol use disorders,1,Number,2017,424.1240011224486,476.1718511166574,378.10497895314705
1,Deaths,48,Hungary,2,Female,22,All Ages,560,Alcohol use disorders,1,Number,2017,85.27662619609572,119.69381335315745,70.41007553576739
1,Deaths,48,Hungary,3,Both,22,All Ages,560,Alcohol use disorders,1,Number,2017,509.40062731854357,566.3282387955102,457.4667861582242
1,Deaths,201,Burkina Faso,1,Male,22,All Ages,560,Alcohol use disorders,1,Number,2017,200.9972878365092,273.38505134583,140.06969025393542
1,Deaths,201,Burkina Faso,2,Female,22,All Ages,560,Alcohol use disorders,1,Number,2017,61.87308984041244,86.09887415264383,43.707681345616166
1,Deaths,201,Burkina Faso,3,Both,22,All Ages,560,Alcohol use disorders,1,Number,2017,262.87037767692146,342.8906210533446,197.25493580100985
1,Deaths,49,Macedonia,1,Male,22,All Ages,560,Alcohol use disorders,1,Number,2017,19.97991801004121,26.02339110196697,14.843056974313756
1,Deaths,49,Macedonia,2,Female,22,All Ages,560,Alcohol use disorders,1,Number,2017,0.911881870423614,1.5307538403750909,0.6865698377688677
1,Deaths,49,Macedonia,3,Both,22,All Ages,560,Alcohol use disorders,1,Number,2017,20.891799880464813,27.031319309608683,15.764637692754468
1,Deaths,202,Cameroon,1,Male,22,All Ages,560,Alcohol use disorders,1,Number,2017,298.02763857981097,481.4219408812957,153.27209282405
1,Deaths,202,Cameroon,2,Female,22,All Ages,560,Alcohol use disorders,1,Number,2017,57.5681069752394,82.23764420164244,22.625568351738757
1,Deaths,202,Cameroon,3,Both,22,All Ages,560,Alcohol use disorders,1,Number,2017,355.59574555505066,547.3951403969503,204.00744876268314
1,Deaths,74,Andorra,1,Male,22,All Ages,560,Alcohol use disorders,1,Number,2017,1.458587714596309,2.151607359054346,0.9882278825462423
1,Deaths,74,Andorra,2,Female,22,All Ages,560,Alcohol use disorders,1,Number,2017,0.41238973870543605,0.5989930251319004,0.2781289655664633
1,Deaths,74,Andorra,3,Both,22,All Ages,560,Alcohol use disorders,1,Number,2017,1.870977453301746,2.6214346683259837,1.3176019248740234
1,Deaths,24,Marshall Islands,1,Male,22,All Ages,560,Alcohol use disorders,1,Number,2017,0.6186309757259318,1.058175252111541,0.32358712515511345
1,Deaths,24,Marshall Islands,2,Female,22,All Ages,560,Alcohol use disorders,1,Number,2017,0.06350343085487883,0.13678191807787943,0.0291408776953994
1,Deaths,24,Marshall Islands,3,Both,22,All Ages,560,Alcohol use disorders,1,Number,2017,0.6821344065808111,1.1531586876792617,0.36515323387274123
1,Deaths,125,Colombia,1,Male,22,All Ages,560,Alcohol use disorders,1,Number,2017,107.54424246659565,131.62075818189177,84.7751651595069
1,Deaths,125,Colombia,2,Female,22,All Ages,560,Alcohol use disorders,1,Number,2017,12.649575032630207,17.2263134741591,9.539253322229769
1,Deaths,125,Colombia,3,Both,22,All Ages,560,Alcohol use disorders,1,Number,2017,120.19381749922573,146.13587602285784,98.62860369160892
1,Deaths,127,El Salvador,1,Male,22,All Ages,560,Alcohol use disorders,1,Number,2017,908.0647495837577,1270.6724534156542,683.863553304739
1,Deaths,127,El Salvador,2,Female,22,All Ages,560,Alcohol use disorders,1,Number,2017,37.40874109028306,53.68188644561813,26.92059172298326
1,Deaths,127,El Salvador,3,Both,22,All Ages,560,Alcohol use disorders,1,Number,2017,945.4734906740423,1334.5687074875016,717.5346610948146
1,Deaths,150,Oman,1,Male,22,All Ages,560,Alcohol use disorders,1,Number,2017,8.776145077089703,12.100541485880417,5.914477485150707
1,Deaths,150,Oman,2,Female,22,All Ages,560,Alcohol use disorders,1,Number,2017,0.5842554122649992,0.7876648596236987,0.4064143029175174
1,Deaths,150,Oman,3,Both,22,All Ages,560,Alcohol use disorders,1,Number,2017,9.360400489354701,12.889314632451356,6.453780470186605
1,Deaths,99,Uruguay,1,Male,22,All Ages,560,Alcohol use disorders,1,Number,2017,108.88373768548351,127.47229313784639,90.35566719790766
1,Deaths,99,Uruguay,2,Female,22,All Ages,560,Alcohol use disorders,1,Number,2017,11.718090238909575,14.402313145575574,6.833298069197619
1,Deaths,99,Uruguay,3,Both,22,All Ages,560,Alcohol use disorders,1,Number,2017,120.60182792439302,139.55553546506758,101.98077942501493
1,Deaths,305,Bermuda,1,Male,22,All Ages,560,Alcohol use disorders,1,Number,2017,0.8787365467256648,1.0213388846068412,0.7224015788090659
1,Deaths,305,Bermuda,2,Female,22,All Ages,560,Alcohol use disorders,1,Number,2017,0.14207134879788366,0.17433363329941026,0.07816547969369857
1,Deaths,305,Bermuda,3,Both,22,All Ages,560,Alcohol use disorders,1,Number,2017,1.0208078955235478,1.1633384245110516,0.8732392877763223
1,Deaths,102,United States,1,Male,22,All Ages,560,Alcohol use disorders,1,Number,2017,10496.063519827463,11104.594347848033,9837.406851228856
1,Deaths,102,United States,2,Female,22,All Ages,560,Alcohol use disorders,1,Number,2017,3472.862157612756,3877.905706548144,2834.034172069055
1,Deaths,102,United States,3,Both,22,All Ages,560,Alcohol use disorders,1,Number,2017,13968.925677440217,14741.173314397935,12976.948210249993
1,Deaths,126,Costa Rica,1,Male,22,All Ages,560,Alcohol use disorders,1,Number,2017,101.42631209434442,117.50557101021629,85.61388492917409
1,Deaths,126,Costa Rica,2,Female,22,All Ages,560,Alcohol use disorders,1,Number,2017,12.740685098161372,15.996302216529363,6.738364008714249
1,Deaths,126,Costa Rica,3,Both,22,All Ages,560,Alcohol use disorders,1,Number,2017,114.16699719250566,131.43020033392025,96.92676865235566
1,Deaths,50,Montenegro,1,Male,22,All Ages,560,Alcohol use disorders,1,Number,2017,9.937527512994768,12.874048578473571,6.934079200310692
1,Deaths,50,Montenegro,2,Female,22,All Ages,560,Alcohol use disorders,1,Number,2017,2.217613731054032,3.0250777134806794,1.4777092274611303
1,Deaths,50,Montenegro,3,Both,22,All Ages,560,Alcohol use disorders,1,Number,2017,12.155141244048828,15.403106444283884,8.683641780483827
1,Deaths,203,Cape Verde,1,Male,22,All Ages,560,Alcohol use disorders,1,Number,2017,7.375557964028419,12.96957855259201,3.1214990329307515
1,Deaths,203,Cape Verde,2,Female,22,All Ages,560,Alcohol use disorders,1,Number,2017,1.505309367152122,2.522638627779992,0.4615043159429922
1,Deaths,203,Cape Verde,3,Both,22,All Ages,560,Alcohol use disorders,1,Number,2017,8.880867331180536,14.896698132672924,4.256331725950727
1,Deaths,128,Guatemala,1,Male,22,All Ages,560,Alcohol use disorders,1,Number,2017,1550.593135489577,1813.2155869928208,1302.301952917162
1,Deaths,128,Guatemala,2,Female,22,All Ages,560,Alcohol use disorders,1,Number,2017,139.20906774037772,181.6280064260308,107.5699375383136
1,Deaths,128,Guatemala,3,Both,22,All Ages,560,Alcohol use disorders,1,Number,2017,1689.8022032299548,1956.927395224353,1439.8404709182128
1,Deaths,151,Qatar,1,Male,22,All Ages,560,Alcohol use disorders,1,Number,2017,7.444687578479196,10.82665273595382,5.091296752664172
1,Deaths,151,Qatar,2,Female,22,All Ages,560,Alcohol use disorders,1,Number,2017,0.18142617258230206,0.25810728644984643,0.1278885711283475
1,Deaths,151,Qatar,3,Both,22,All Ages,560,Alcohol use disorders,1,Number,2017,7.626113751061507,11.027021992718991,5.249334243173582
1,Deaths,349,Greenland,1,Male,22,All Ages,560,Alcohol use disorders,1,Number,2017,6.448453562888993,8.821074092787267,5.357846573494741
1,Deaths,349,Greenland,2,Female,22,All Ages,560,Alcohol use disorders,1,Number,2017,2.5371142373541624,3.5721543088168866,1.9726181119390371
1,Deaths,349,Greenland,3,Both,22,All Ages,560,Alcohol use disorders,1,Number,2017,8.985567800243155,11.862163146116162,7.723088246153091
1,Deaths,522,Sudan,1,Male,22,All Ages,560,Alcohol use disorders,1,Number,2017,101.55748362712994,192.21984340952702,47.84538841745459
1,Deaths,522,Sudan,2,Female,22,All Ages,560,Alcohol use disorders,1,Number,2017,15.936554395903766,29.276541936254098,8.116324048695976
1,Deaths,522,Sudan,3,Both,22,All Ages,560,Alcohol use disorders,1,Number,2017,117.49403802303365,215.34610727263677,60.79913296616854
1,Deaths,75,Austria,1,Male,22,All Ages,560,Alcohol use disorders,1,Number,2017,403.29762921540424,453.09237527558656,355.88172018508374
1,Deaths,75,Austria,2,Female,22,All Ages,560,Alcohol use disorders,1,Number,2017,86.11247842339692,103.31295634008626,41.36450233442482
1,Deaths,75,Austria,3,Both,22,All Ages,560,Alcohol use disorders,1,Number,2017,489.4101076388018,542.2416844884731,435.4161972610675
1,Deaths,152,Saudi Arabia,1,Male,22,All Ages,560,Alcohol use disorders,1,Number,2017,112.45904034476035,166.1933618893909,63.7482075506177
1,Deaths,152,Saudi Arabia,2,Female,22,All Ages,560,Alcohol use disorders,1,Number,2017,5.868210270083394,9.140478326634682,3.41951605576029
1,Deaths,152,Saudi Arabia,3,Both,22,All Ages,560,Alcohol use disorders,1,Number,2017,118.32725061484366,172.34300861106743,68.82263863896992
1,Deaths,179,Ethiopia,1,Male,22,All Ages,560,Alcohol use disorders,1,Number,2017,611.7409077872327,775.6122850046945,449.6092266000932
1,Deaths,179,Ethiopia,2,Female,22,All Ages,560,Alcohol use disorders,1,Number,2017,179.9671279701865,247.53201266206528,117.68568164536705
1,Deaths,179,Ethiopia,3,Both,22,All Ages,560,Alcohol use disorders,1,Number,2017,791.7080357574197,988.8448944094539,599.6578285801345
1,Deaths,129,Honduras,1,Male,22,All Ages,560,Alcohol use disorders,1,Number,2017,351.5093470859499,532.1269281112185,208.39590602097533
1,Deaths,129,Honduras,2,Female,22,All Ages,560,Alcohol use disorders,1,Number,2017,23.00440345008935,35.47532172562114,11.77782521166931
1,Deaths,129,Honduras,3,Both,22,All Ages,560,Alcohol use disorders,1,Number,2017,374.5137505360392,559.833321860417,230.97121062362302
1,Deaths,176,Comoros,1,Male,22,All Ages,560,Alcohol use disorders,1,Number,2017,4.807276790077747,8.585727151708586,2.8191962230833822
1,Deaths,176,Comoros,2,Female,22,All Ages,560,Alcohol use disorders,1,Number,2017,3.4587990982649153,4.881944490489027,2.3906294197117712
1,Deaths,176,Comoros,3,Both,22,All Ages,560,Alcohol use disorders,1,Number,2017,8.266075888342655,11.991671221425548,5.905146372487612
1,Deaths,25,Federated States of Micronesia,1,Male,22,All Ages,560,Alcohol use disorders,1,Number,2017,0.9454140494049387,1.4894403932068307,0.5110696613757808
1,Deaths,25,Federated States of Micronesia,2,Female,22,All Ages,560,Alcohol use disorders,1,Number,2017,0.06974786900080114,0.12425401270034298,0.033114102113246106
1,Deaths,25,Federated States of Micronesia,3,Both,22,All Ages,560,Alcohol use disorders,1,Number,2017,1.0151619184057405,1.5799631960926066,0.5607642886900672
1,Deaths,204,Chad,1,Male,22,All Ages,560,Alcohol use disorders,1,Number,2017,89.3753689456148,136.31889331254214,54.62239002118638
1,Deaths,204,Chad,2,Female,22,All Ages,560,Alcohol use disorders,1,Number,2017,21.026472312588076,29.75000480385336,9.103427659921785
1,Deaths,204,Chad,3,Both,22,All Ages,560,Alcohol use disorders,1,Number,2017,110.40184125820268,158.66616517413922,72.26052196120827
1,Deaths,153,Syria,1,Male,22,All Ages,560,Alcohol use disorders,1,Number,2017,64.92026975549265,87.67369226618922,44.749490564216885
1,Deaths,153,Syria,2,Female,22,All Ages,560,Alcohol use disorders,1,Number,2017,11.912730693397952,15.82624084655559,8.202463799915858
1,Deaths,153,Syria,3,Both,22,All Ages,560,Alcohol use disorders,1,Number,2017,76.83300044889069,99.94483935310048,54.39999536979801
1,Deaths,154,Tunisia,1,Male,22,All Ages,560,Alcohol use disorders,1,Number,2017,24.220657954968644,39.09184636985557,13.549691956806306
1,Deaths,154,Tunisia,2,Female,22,All Ages,560,Alcohol use disorders,1,Number,2017,4.846718607723221,7.1018524260666425,2.6057634024985195
1,Deaths,154,Tunisia,3,Both,22,All Ages,560,Alcohol use disorders,1,Number,2017,29.067376562691862,43.54949206232575,17.631502716151978
1,Deaths,180,Kenya,1,Male,22,All Ages,560,Alcohol use disorders,1,Number,2017,436.1110008814135,590.1671665013489,290.09683282771266
1,Deaths,180,Kenya,2,Female,22,All Ages,560,Alcohol use disorders,1,Number,2017,100.82716359552614,130.56051024306583,67.56587415208391
1,Deaths,180,Kenya,3,Both,22,All Ages,560,Alcohol use disorders,1,Number,2017,536.9381644769411,705.2364685440223,391.9983619922039
1,Deaths,28,Solomon Islands,1,Male,22,All Ages,560,Alcohol use disorders,1,Number,2017,4.094299611042108,7.389939388327392,2.306510186226748
1,Deaths,28,Solomon Islands,2,Female,22,All Ages,560,Alcohol use disorders,1,Number,2017,0.3962191771208523,0.8589911576372885,0.19903268330117077
1,Deaths,28,Solomon Islands,3,Both,22,All Ages,560,Alcohol use disorders,1,Number,2017,4.490518788162957,8.015925513274816,2.6260463696023697
1,Deaths,351,Guam,1,Male,22,All Ages,560,Alcohol use disorders,1,Number,2017,2.035225615452814,2.627970518240921,1.5809801966103805
1,Deaths,351,Guam,2,Female,22,All Ages,560,Alcohol use disorders,1,Number,2017,0.09284604169302836,0.12753420065003077,0.07428987812354916
1,Deaths,351,Guam,3,Both,22,All Ages,560,Alcohol use disorders,1,Number,2017,2.128071657145839,2.733372344697615,1.6758230280394337
1,Deaths,105,Antigua and Barbuda,1,Male,22,All Ages,560,Alcohol use disorders,1,Number,2017,5.096388347640477,5.898998997316965,4.317196701653232
1,Deaths,105,Antigua and Barbuda,2,Female,22,All Ages,560,Alcohol use disorders,1,Number,2017,1.4766890255858776,1.7060204458121528,0.8796138468155078
1,Deaths,105,Antigua and Barbuda,3,Both,22,All Ages,560,Alcohol use disorders,1,Number,2017,6.5730773732263605,7.448445969517288,5.695578510385138
1,Deaths,79,Finland,1,Male,22,All Ages,560,Alcohol use disorders,1,Number,2017,475.81557170181867,539.2619501938141,415.24994315266554
1,Deaths,79,Finland,2,Female,22,All Ages,560,Alcohol use disorders,1,Number,2017,122.68194851505704,147.53169639251954,66.8865923797235
1,Deaths,79,Finland,3,Both,22,All Ages,560,Alcohol use disorders,1,Number,2017,598.4975202168768,667.9127821876023,535.4092073270936
1,Deaths,6,China,1,Male,22,All Ages,560,Alcohol use disorders,1,Number,2017,19303.21469866988,21581.570566002087,11398.765192215558
1,Deaths,6,China,2,Female,22,All Ages,560,Alcohol use disorders,1,Number,2017,1708.5512106222802,1941.9360479549068,1267.6583561872815
1,Deaths,6,China,3,Both,22,All Ages,560,Alcohol use disorders,1,Number,2017,21011.765909292124,23339.436915551687,12939.986493683278
1,Deaths,26,Papua New Guinea,1,Male,22,All Ages,560,Alcohol use disorders,1,Number,2017,88.57969528587519,167.23516427175372,45.72799695912524
1,Deaths,26,Papua New Guinea,2,Female,22,All Ages,560,Alcohol use disorders,1,Number,2017,7.086627867999962,15.113743420553769,3.45958935119735
1,Deaths,26,Papua New Guinea,3,Both,22,All Ages,560,Alcohol use disorders,1,Number,2017,95.66632315387511,178.92225232300166,50.640705759609865
1,Deaths,101,Canada,1,Male,22,All Ages,560,Alcohol use disorders,1,Number,2017,945.2881340387218,1056.8924975397322,833.6918313418906
1,Deaths,101,Canada,2,Female,22,All Ages,560,Alcohol use disorders,1,Number,2017,317.8232146278753,410.3664318457266,264.70208543593515
1,Deaths,101,Canada,3,Both,22,All Ages,560,Alcohol use disorders,1,Number,2017,1263.1113486665986,1413.994262621793,1136.4734030124368
1,Deaths,77,Cyprus,1,Male,22,All Ages,560,Alcohol use disorders,1,Number,2017,8.419615097260754,10.345042839495298,6.704909208930177
1,Deaths,77,Cyprus,2,Female,22,All Ages,560,Alcohol use disorders,1,Number,2017,1.0790315248097242,1.385200840880039,0.8124175840045427
1,Deaths,77,Cyprus,3,Both,22,All Ages,560,Alcohol use disorders,1,Number,2017,9.498646622070451,11.432260092316584,7.729043615666875
1,Deaths,51,Poland,1,Male,22,All Ages,560,Alcohol use disorders,1,Number,2017,3903.8960351634732,4351.564022467365,3486.138747300081
1,Deaths,51,Poland,2,Female,22,All Ages,560,Alcohol use disorders,1,Number,2017,553.1030002468782,657.2126622042026,257.80903453965027
1,Deaths,51,Poland,3,Both,22,All Ages,560,Alcohol use disorders,1,Number,2017,4456.999035410353,4919.539448165575,4004.946625218577
1,Deaths,76,Belgium,1,Male,22,All Ages,560,Alcohol use disorders,1,Number,2017,377.9306381272943,426.57837753110533,333.7190712852254
1,Deaths,76,Belgium,2,Female,22,All Ages,560,Alcohol use disorders,1,Number,2017,137.72939959784935,165.44646312382116,86.38137559305325
1,Deaths,76,Belgium,3,Both,22,All Ages,560,Alcohol use disorders,1,Number,2017,515.6600377251432,576.6954343505334,457.6235459853544
1,Deaths,155,Turkey,1,Male,22,All Ages,560,Alcohol use disorders,1,Number,2017,206.11420919182757,251.72751496505873,142.1355781609174
1,Deaths,155,Turkey,2,Female,22,All Ages,560,Alcohol use disorders,1,Number,2017,14.662253583840869,18.235382239333276,10.522535887272964
1,Deaths,155,Turkey,3,Both,22,All Ages,560,Alcohol use disorders,1,Number,2017,220.77646277566888,267.45604479319934,153.86465898998216
1,Deaths,181,Madagascar,1,Male,22,All Ages,560,Alcohol use disorders,1,Number,2017,167.2139361001073,248.44925181436076,109.8216934776203
1,Deaths,181,Madagascar,2,Female,22,All Ages,560,Alcohol use disorders,1,Number,2017,61.68807301247046,93.24684459686502,38.40161942535175
1,Deaths,181,Madagascar,3,Both,22,All Ages,560,Alcohol use disorders,1,Number,2017,228.90200911257764,316.48447702630597,160.26515776785453
1,Deaths,80,France,1,Male,22,All Ages,560,Alcohol use disorders,1,Number,2017,2855.8367842564467,3260.1414817063087,2527.916309996861
1,Deaths,80,France,2,Female,22,All Ages,560,Alcohol use disorders,1,Number,2017,771.2132201014292,910.5318467032736,622.9028115185783
1,Deaths,80,France,3,Both,22,All Ages,560,Alcohol use disorders,1,Number,2017,3627.050004357884,4043.34401543955,3272.555288156246
1,Deaths,29,Tonga,1,Male,22,All Ages,560,Alcohol use disorders,1,Number,2017,0.6847306036573643,0.9366859678272494,0.4190491330985722
1,Deaths,29,Tonga,2,Female,22,All Ages,560,Alcohol use disorders,1,Number,2017,0.05337103018952316,0.07188394981298402,0.03736925187219373
1,Deaths,29,Tonga,3,Both,22,All Ages,560,Alcohol use disorders,1,Number,2017,0.7381016338468857,0.9970936527735932,0.4799078297762236
1,Deaths,54,Slovakia,1,Male,22,All Ages,560,Alcohol use disorders,1,Number,2017,206.9218504052919,251.80848094061383,117.79975702434449
1,Deaths,54,Slovakia,2,Female,22,All Ages,560,Alcohol use disorders,1,Number,2017,38.5429214175111,49.74809564502182,19.28380667260006
1,Deaths,54,Slovakia,3,Both,22,All Ages,560,Alcohol use disorders,1,Number,2017,245.46477182280276,293.30991584197864,142.57583150910966
1,Deaths,130,Mexico,1,Male,22,All Ages,560,Alcohol use disorders,1,Number,2017,4601.451754429005,4848.608311366323,4277.041936675287
1,Deaths,130,Mexico,2,Female,22,All Ages,560,Alcohol use disorders,1,Number,2017,341.8782063782147,453.0134668269027,303.0301410768745
1,Deaths,130,Mexico,3,Both,22,All Ages,560,Alcohol use disorders,1,Number,2017,4943.32996080722,5236.246029817967,4609.726283680485
1,Deaths,177,Djibouti,1,Male,22,All Ages,560,Alcohol use disorders,1,Number,2017,9.604492164219376,18.581766505580614,3.368031696300541
1,Deaths,177,Djibouti,2,Female,22,All Ages,560,Alcohol use disorders,1,Number,2017,4.345404236138787,7.0393895471586525,2.3079423761123277
1,Deaths,177,Djibouti,3,Both,22,All Ages,560,Alcohol use disorders,1,Number,2017,13.949896400358162,24.09776882241755,7.038724609557516
1,Deaths,106,The Bahamas,1,Male,22,All Ages,560,Alcohol use disorders,1,Number,2017,16.345917668358627,19.33574078902303,13.75588675004174
1,Deaths,106,The Bahamas,2,Female,22,All Ages,560,Alcohol use disorders,1,Number,2017,4.5469034172954546,5.439111378825962,3.189715963959278
1,Deaths,106,The Bahamas,3,Both,22,All Ages,560,Alcohol use disorders,1,Number,2017,20.892821085654067,24.14570097242162,18.107802774350333
1,Deaths,107,Barbados,1,Male,22,All Ages,560,Alcohol use disorders,1,Number,2017,6.518135961738221,7.690443904433075,5.470815142945183
1,Deaths,107,Barbados,2,Female,22,All Ages,560,Alcohol use disorders,1,Number,2017,0.9490533200177731,1.122918481895262,0.5943201584246378
1,Deaths,107,Barbados,3,Both,22,All Ages,560,Alcohol use disorders,1,Number,2017,7.467189281756005,8.665460116984978,6.351398139105871
1,Deaths,7,North Korea,1,Male,22,All Ages,560,Alcohol use disorders,1,Number,2017,378.1954425230876,580.5516718099216,200.6165896030178
1,Deaths,7,North Korea,2,Female,22,All Ages,560,Alcohol use disorders,1,Number,2017,33.64009097010138,51.721046615922944,21.58250122739235
1,Deaths,7,North Korea,3,Both,22,All Ages,560,Alcohol use disorders,1,Number,2017,411.8355334931881,613.756045950202,232.8154056536082
1,Deaths,55,Slovenia,1,Male,22,All Ages,560,Alcohol use disorders,1,Number,2017,166.82269093522737,189.26550931156555,145.80978530725392
1,Deaths,55,Slovenia,2,Female,22,All Ages,560,Alcohol use disorders,1,Number,2017,28.355249945329913,34.62361722939462,16.42115184437024
1,Deaths,55,Slovenia,3,Both,22,All Ages,560,Alcohol use disorders,1,Number,2017,195.17794088055757,219.56595195534794,173.05626075239562
1,Deaths,78,Denmark,1,Male,22,All Ages,560,Alcohol use disorders,1,Number,2017,609.268319241542,683.5401330256368,542.406300104822
1,Deaths,78,Denmark,2,Female,22,All Ages,560,Alcohol use disorders,1,Number,2017,198.09315390081449,232.8119169817191,112.63329424882184
1,Deaths,78,Denmark,3,Both,22,All Ages,560,Alcohol use disorders,1,Number,2017,807.3614731423567,886.5017661488675,731.7055183278085
1,Deaths,81,Germany,1,Male,22,All Ages,560,Alcohol use disorders,1,Number,2017,4968.0923773315435,5778.027327719892,4201.384212122311
1,Deaths,81,Germany,2,Female,22,All Ages,560,Alcohol use disorders,1,Number,2017,1534.7444679712573,1915.1207011072975,1207.210012277814
1,Deaths,81,Germany,3,Both,22,All Ages,560,Alcohol use disorders,1,Number,2017,6502.836845302801,7508.762502316869,5663.1493381955825
1,Deaths,178,Eritrea,1,Male,22,All Ages,560,Alcohol use disorders,1,Number,2017,76.51875430855327,111.64492022731717,50.156272451063224
1,Deaths,178,Eritrea,2,Female,22,All Ages,560,Alcohol use disorders,1,Number,2017,22.80956285274292,33.48167491432354,14.742063088297327
1,Deaths,178,Eritrea,3,Both,22,All Ages,560,Alcohol use disorders,1,Number,2017,99.32831716129634,138.30455629455105,73.02077250763934
1,Deaths,131,Nicaragua,1,Male,22,All Ages,560,Alcohol use disorders,1,Number,2017,372.326379471952,470.1835255894198,273.4991666604073
1,Deaths,131,Nicaragua,2,Female,22,All Ages,560,Alcohol use disorders,1,Number,2017,19.133764262970605,24.561791957504198,12.218836638076654
1,Deaths,131,Nicaragua,3,Both,22,All Ages,560,Alcohol use disorders,1,Number,2017,391.4601437349226,491.68636866920275,289.14330736723963
1,Deaths,52,Romania,1,Male,22,All Ages,560,Alcohol use disorders,1,Number,2017,501.5653429311601,562.8772868713726,446.905534565979
1,Deaths,52,Romania,2,Female,22,All Ages,560,Alcohol use disorders,1,Number,2017,126.42941080579263,297.2562813040804,99.15851865608649
1,Deaths,52,Romania,3,Both,22,All Ages,560,Alcohol use disorders,1,Number,2017,627.9947537369521,818.0057910017202,558.4517866362426
1,Deaths,30,Vanuatu,1,Male,22,All Ages,560,Alcohol use disorders,1,Number,2017,3.0564777604792828,4.87797933380182,1.5101807076307883
1,Deaths,30,Vanuatu,2,Female,22,All Ages,560,Alcohol use disorders,1,Number,2017,0.234758989095131,0.4906311787890289,0.09634561541951658
1,Deaths,30,Vanuatu,3,Both,22,All Ages,560,Alcohol use disorders,1,Number,2017,3.291236749574416,5.153605615301335,1.7739576573411246
1,Deaths,132,Panama,1,Male,22,All Ages,560,Alcohol use disorders,1,Number,2017,26.64454817653954,30.796619994687884,22.294406089979553
1,Deaths,132,Panama,2,Female,22,All Ages,560,Alcohol use disorders,1,Number,2017,1.5855026586188938,2.0376413899399908,1.251868541958535
1,Deaths,132,Panama,3,Both,22,All Ages,560,Alcohol use disorders,1,Number,2017,28.230050835158423,32.466922403800424,23.835902756111956
1,Deaths,27,Samoa,1,Male,22,All Ages,560,Alcohol use disorders,1,Number,2017,0.8408468787795804,1.3731350911428202,0.5044264193187781
1,Deaths,27,Samoa,2,Female,22,All Ages,560,Alcohol use disorders,1,Number,2017,0.0886242643244031,0.13974075510669826,0.055519929211230924
1,Deaths,27,Samoa,3,Both,22,All Ages,560,Alcohol use disorders,1,Number,2017,0.9294711431039843,1.4788370329122085,0.572885795450705
1,Deaths,82,Greece,1,Male,22,All Ages,560,Alcohol use disorders,1,Number,2017,35.19423585108361,40.031369487167794,31.23380039771299
1,Deaths,82,Greece,2,Female,22,All Ages,560,Alcohol use disorders,1,Number,2017,5.394238978178987,7.656366624153198,4.515527424992095
1,Deaths,82,Greece,3,Both,22,All Ages,560,Alcohol use disorders,1,Number,2017,40.58847482926261,46.10516800781164,36.24926811116547
1,Deaths,58,Estonia,1,Male,22,All Ages,560,Alcohol use disorders,1,Number,2017,168.69233765264846,204.741835240133,137.61022881682592
1,Deaths,58,Estonia,2,Female,22,All Ages,560,Alcohol use disorders,1,Number,2017,47.8889205310318,61.404378225726866,35.539579081216495
1,Deaths,58,Estonia,3,Both,22,All Ages,560,Alcohol use disorders,1,Number,2017,216.58125818368012,257.1453550875068,183.20564424797348
1,Deaths,206,The Gambia,1,Male,22,All Ages,560,Alcohol use disorders,1,Number,2017,15.08051630976602,25.877516659715695,7.773887329138767
1,Deaths,206,The Gambia,2,Female,22,All Ages,560,Alcohol use disorders,1,Number,2017,5.527176571679367,7.555725497986423,2.36393226949596
1,Deaths,206,The Gambia,3,Both,22,All Ages,560,Alcohol use disorders,1,Number,2017,20.60769288144543,31.49411346822731,13.203987392655273
1,Deaths,11,Indonesia,1,Male,22,All Ages,560,Alcohol use disorders,1,Number,2017,724.8267663135481,873.0283626568505,623.5423103881582
1,Deaths,11,Indonesia,2,Female,22,All Ages,560,Alcohol use disorders,1,Number,2017,48.72839571989444,57.44479393790628,38.87543683053524
1,Deaths,11,Indonesia,3,Both,22,All Ages,560,Alcohol use disorders,1,Number,2017,773.5551620334423,921.5864611824001,669.6583023883637
1,Deaths,10,Cambodia,1,Male,22,All Ages,560,Alcohol use disorders,1,Number,2017,178.25746048320582,271.78683121005696,106.7896448405454
1,Deaths,10,Cambodia,2,Female,22,All Ages,560,Alcohol use disorders,1,Number,2017,16.25511108549812,24.557371083568814,11.083766180680943
1,Deaths,10,Cambodia,3,Both,22,All Ages,560,Alcohol use disorders,1,Number,2017,194.512571568704,291.9091314615987,123.4299557130592
1,Deaths,385,Puerto Rico,1,Male,22,All Ages,560,Alcohol use disorders,1,Number,2017,121.99684071805278,139.53286238214116,104.37145394031465
1,Deaths,385,Puerto Rico,2,Female,22,All Ages,560,Alcohol use disorders,1,Number,2017,16.273031033514933,23.50219947425629,13.071840652235245
1,Deaths,385,Puerto Rico,3,Both,22,All Ages,560,Alcohol use disorders,1,Number,2017,138.26987175156776,157.01342965301077,120.63712305547764
1,Deaths,133,Venezuela,1,Male,22,All Ages,560,Alcohol use disorders,1,Number,2017,202.07463915225802,254.3578579111968,157.78690188307033
1,Deaths,133,Venezuela,2,Female,22,All Ages,560,Alcohol use disorders,1,Number,2017,15.254973455902036,22.339951646546172,11.150173715138513
1,Deaths,133,Venezuela,3,Both,22,All Ages,560,Alcohol use disorders,1,Number,2017,217.3296126081598,269.65747515844106,173.4586583385796
1,Deaths,8,Taiwan,1,Male,22,All Ages,560,Alcohol use disorders,1,Number,2017,445.41273990022927,508.2122916381419,392.91919796774454
1,Deaths,8,Taiwan,2,Female,22,All Ages,560,Alcohol use disorders,1,Number,2017,41.22880836564458,49.711035120094024,18.212807069400217
1,Deaths,8,Taiwan,3,Both,22,All Ages,560,Alcohol use disorders,1,Number,2017,486.64154826587367,550.5327142179947,431.7956500921033
1,Deaths,34,Azerbaijan,1,Male,22,All Ages,560,Alcohol use disorders,1,Number,2017,235.92729667637042,319.529799687582,166.7931866813686
1,Deaths,34,Azerbaijan,2,Female,22,All Ages,560,Alcohol use disorders,1,Number,2017,110.17196108241076,148.9920411609978,82.07297310052937
1,Deaths,34,Azerbaijan,3,Both,22,All Ages,560,Alcohol use disorders,1,Number,2017,346.09925775878173,437.67463771815534,265.5921462186885
1,Deaths,57,Belarus,1,Male,22,All Ages,560,Alcohol use disorders,1,Number,2017,1879.4454391411682,2244.8616572832852,1583.4584170590447
1,Deaths,57,Belarus,2,Female,22,All Ages,560,Alcohol use disorders,1,Number,2017,923.1116353292147,1104.5207549482905,723.2644454280174
1,Deaths,57,Belarus,3,Both,22,All Ages,560,Alcohol use disorders,1,Number,2017,2802.5570744703828,3224.979179378776,2476.2432519784406
1,Deaths,53,Serbia,1,Male,22,All Ages,560,Alcohol use disorders,1,Number,2017,355.9034530605453,425.49441263939684,286.1425348039528
1,Deaths,53,Serbia,2,Female,22,All Ages,560,Alcohol use disorders,1,Number,2017,37.191520957252465,45.22104329156384,28.947869195316535
1,Deaths,53,Serbia,3,Both,22,All Ages,560,Alcohol use disorders,1,Number,2017,393.0949740177971,464.29072876919633,320.18713013056873
1,Deaths,422,"Virgin Islands, U.S.",1,Male,22,All Ages,560,Alcohol use disorders,1,Number,2017,12.14753879702803,14.83622154888665,9.374240560716649
1,Deaths,422,"Virgin Islands, U.S.",2,Female,22,All Ages,560,Alcohol use disorders,1,Number,2017,1.599734829761072,1.9869309412576883,1.1248789171207028
1,Deaths,422,"Virgin Islands, U.S.",3,Both,22,All Ages,560,Alcohol use disorders,1,Number,2017,13.747273626789104,16.632573897381086,10.837501053076648
1,Deaths,207,Ghana,1,Male,22,All Ages,560,Alcohol use disorders,1,Number,2017,325.7349262878699,445.2254848955054,234.9361369400927
1,Deaths,207,Ghana,2,Female,22,All Ages,560,Alcohol use disorders,1,Number,2017,74.47935051652476,104.14522916305906,50.34877289595496
1,Deaths,207,Ghana,3,Both,22,All Ages,560,Alcohol use disorders,1,Number,2017,400.21427680439444,527.5610260507672,301.663682744042
1,Deaths,205,Cote d'Ivoire,1,Male,22,All Ages,560,Alcohol use disorders,1,Number,2017,268.38638784493406,435.8044127706968,168.09950570358362
1,Deaths,205,Cote d'Ivoire,2,Female,22,All Ages,560,Alcohol use disorders,1,Number,2017,38.40637920764115,52.670130602833794,16.835596121443704
1,Deaths,205,Cote d'Ivoire,3,Both,22,All Ages,560,Alcohol use disorders,1,Number,2017,306.7927670525746,479.56937598298055,202.18427871467313
1,Deaths,60,Lithuania,1,Male,22,All Ages,560,Alcohol use disorders,1,Number,2017,275.8634077973165,308.5698807292713,245.71084503575565
1,Deaths,60,Lithuania,2,Female,22,All Ages,560,Alcohol use disorders,1,Number,2017,83.23796152579435,168.27949280065752,66.75090524918755
1,Deaths,60,Lithuania,3,Both,22,All Ages,560,Alcohol use disorders,1,Number,2017,359.1013693231108,447.694521264396,318.636491305271
1,Deaths,376,Northern Mariana Islands,1,Male,22,All Ages,560,Alcohol use disorders,1,Number,2017,1.3535053793667977,1.7484671790863195,1.006715733979164
1,Deaths,376,Northern Mariana Islands,2,Female,22,All Ages,560,Alcohol use disorders,1,Number,2017,0.04096223938726635,0.07430087767919387,0.030813347196281655
1,Deaths,376,Northern Mariana Islands,3,Both,22,All Ages,560,Alcohol use disorders,1,Number,2017,1.3944676187540634,1.7996348455860216,1.044870972176853
1,Deaths,12,Laos,1,Male,22,All Ages,560,Alcohol use disorders,1,Number,2017,88.24772193216938,135.62136131665008,44.823754225287836
1,Deaths,12,Laos,2,Female,22,All Ages,560,Alcohol use disorders,1,Number,2017,8.587210916639165,14.841889234605558,4.458126973343692
1,Deaths,12,Laos,3,Both,22,All Ages,560,Alcohol use disorders,1,Number,2017,96.83493284880858,146.98985944805344,51.20702144197146
1,Deaths,135,Brazil,1,Male,22,All Ages,560,Alcohol use disorders,1,Number,2017,9526.275495909325,10004.162023218347,8934.315741768683
1,Deaths,135,Brazil,2,Female,22,All Ages,560,Alcohol use disorders,1,Number,2017,1310.9830904448104,1578.8208192338866,1104.828867583909
1,Deaths,135,Brazil,3,Both,22,All Ages,560,Alcohol use disorders,1,Number,2017,10837.25858635412,11350.657225623208,10218.521380532933
1,Deaths,59,Latvia,1,Male,22,All Ages,560,Alcohol use disorders,1,Number,2017,228.11138286260643,273.1043949142301,190.87386335766428
1,Deaths,59,Latvia,2,Female,22,All Ages,560,Alcohol use disorders,1,Number,2017,65.98463623189588,98.00026352209069,50.93494653234894
1,Deaths,59,Latvia,3,Both,22,All Ages,560,Alcohol use disorders,1,Number,2017,294.09601909450237,347.03260001633834,252.330860079285
1,Deaths,83,Iceland,1,Male,22,All Ages,560,Alcohol use disorders,1,Number,2017,8.237846195487933,9.256537841208798,7.295969790390855
1,Deaths,83,Iceland,2,Female,22,All Ages,560,Alcohol use disorders,1,Number,2017,2.1956806299627893,2.6196854285890923,1.7625343531472626
1,Deaths,83,Iceland,3,Both,22,All Ages,560,Alcohol use disorders,1,Number,2017,10.433526825450718,11.581769788144536,9.408478792457409
1,Deaths,13,Malaysia,1,Male,22,All Ages,560,Alcohol use disorders,1,Number,2017,395.20902642791697,670.165988386809,308.5739607619061
1,Deaths,13,Malaysia,2,Female,22,All Ages,560,Alcohol use disorders,1,Number,2017,45.052852467778884,69.20581421892606,35.67174883723303
1,Deaths,13,Malaysia,3,Both,22,All Ages,560,Alcohol use disorders,1,Number,2017,440.2618788956963,727.6020757820144,351.50403643174457
1,Deaths,35,Georgia,1,Male,22,All Ages,560,Alcohol use disorders,1,Number,2017,58.30934177399155,69.12991275452471,46.954962751042025
1,Deaths,35,Georgia,2,Female,22,All Ages,560,Alcohol use disorders,1,Number,2017,8.806327960287945,18.62887111469384,6.801460538825818
1,Deaths,35,Georgia,3,Both,22,All Ages,560,Alcohol use disorders,1,Number,2017,67.11566973427959,80.30376345695841,54.85008543350149
1,Deaths,84,Ireland,1,Male,22,All Ages,560,Alcohol use disorders,1,Number,2017,68.63139490200247,80.79342370472526,58.5138690600547
1,Deaths,84,Ireland,2,Female,22,All Ages,560,Alcohol use disorders,1,Number,2017,30.96847788005124,38.533043036775275,16.561547270811037
1,Deaths,84,Ireland,3,Both,22,All Ages,560,Alcohol use disorders,1,Number,2017,99.59987278205386,114.07014588241877,86.54175193163904
1,Deaths,14,Maldives,1,Male,22,All Ages,560,Alcohol use disorders,1,Number,2017,0.9387639083761325,1.2103713096155853,0.7049217285766864
1,Deaths,14,Maldives,2,Female,22,All Ages,560,Alcohol use disorders,1,Number,2017,0.15006067365552447,0.19658889996652248,0.11322276406675946
1,Deaths,14,Maldives,3,Both,22,All Ages,560,Alcohol use disorders,1,Number,2017,1.088824582031657,1.3856268668130354,0.868315259176519
1,Deaths,136,Paraguay,1,Male,22,All Ages,560,Alcohol use disorders,1,Number,2017,221.1376472127919,294.1735771826066,122.48020140836343
1,Deaths,136,Paraguay,2,Female,22,All Ages,560,Alcohol use disorders,1,Number,2017,16.71078922248674,23.37857100217988,12.020175301356293
1,Deaths,136,Paraguay,3,Both,22,All Ages,560,Alcohol use disorders,1,Number,2017,237.8484364352788,312.426114822409,142.33658905487638
1,Deaths,208,Guinea,1,Male,22,All Ages,560,Alcohol use disorders,1,Number,2017,86.83666402829618,135.82194987393177,54.09935526348625
1,Deaths,208,Guinea,2,Female,22,All Ages,560,Alcohol use disorders,1,Number,2017,28.821622091380437,41.39472243138791,12.291003426886874
1,Deaths,208,Guinea,3,Both,22,All Ages,560,Alcohol use disorders,1,Number,2017,115.65828611967649,160.1884297841274,80.0922075157458
1,Deaths,85,Israel,1,Male,22,All Ages,560,Alcohol use disorders,1,Number,2017,50.001261314470305,57.75109096163078,43.652868047256774
1,Deaths,85,Israel,2,Female,22,All Ages,560,Alcohol use disorders,1,Number,2017,8.65382255346745,22.238823002333792,6.588683617707699
1,Deaths,85,Israel,3,Both,22,All Ages,560,Alcohol use disorders,1,Number,2017,58.65508386793768,73.90933220054035,50.74399150852458
1,Deaths,15,Myanmar,1,Male,22,All Ages,560,Alcohol use disorders,1,Number,2017,718.2348152354684,1130.2169075702418,446.40167936898575
1,Deaths,15,Myanmar,2,Female,22,All Ages,560,Alcohol use disorders,1,Number,2017,64.8177098564651,91.20268431962057,46.328893987821374
1,Deaths,15,Myanmar,3,Both,22,All Ages,560,Alcohol use disorders,1,Number,2017,783.0525250919341,1197.8152346047113,512.9295571761992
1,Deaths,61,Moldova,1,Male,22,All Ages,560,Alcohol use disorders,1,Number,2017,379.52285299108223,419.5279064972808,335.63611522914977
1,Deaths,61,Moldova,2,Female,22,All Ages,560,Alcohol use disorders,1,Number,2017,105.17901281586782,172.34399406618928,85.8080382664597
1,Deaths,61,Moldova,3,Both,22,All Ages,560,Alcohol use disorders,1,Number,2017,484.7018658069492,561.5670236358995,439.09571757169687
1,Deaths,36,Kazakhstan,1,Male,22,All Ages,560,Alcohol use disorders,1,Number,2017,1320.147546044251,1531.1072530774893,1150.525199444597
1,Deaths,36,Kazakhstan,2,Female,22,All Ages,560,Alcohol use disorders,1,Number,2017,350.8519801796568,423.8963153294025,186.60634000575115
1,Deaths,36,Kazakhstan,3,Both,22,All Ages,560,Alcohol use disorders,1,Number,2017,1670.9995262239072,1886.4963144971846,1476.7313630503036
1,Deaths,185,Rwanda,1,Male,22,All Ages,560,Alcohol use disorders,1,Number,2017,116.60835869507375,182.4206509002234,71.75994730203692
1,Deaths,185,Rwanda,2,Female,22,All Ages,560,Alcohol use disorders,1,Number,2017,50.737393655719686,76.02757476548261,31.38503348123879
1,Deaths,185,Rwanda,3,Both,22,All Ages,560,Alcohol use disorders,1,Number,2017,167.34575235079362,239.61408095347886,116.0330504633107
1,Deaths,160,Afghanistan,1,Male,22,All Ages,560,Alcohol use disorders,1,Number,2017,98.00811143744386,241.03310969375062,33.302201615622806
1,Deaths,160,Afghanistan,2,Female,22,All Ages,560,Alcohol use disorders,1,Number,2017,27.466756533280336,74.587466443361,8.321322004515688
1,Deaths,160,Afghanistan,3,Both,22,All Ages,560,Alcohol use disorders,1,Number,2017,125.47486797072415,301.230374851371,47.25654290757891
1,Deaths,212,Mauritania,1,Male,22,All Ages,560,Alcohol use disorders,1,Number,2017,24.109945666334955,52.02285034412644,10.050711951042004
1,Deaths,212,Mauritania,2,Female,22,All Ages,560,Alcohol use disorders,1,Number,2017,6.775620377595409,10.463638175035674,2.56953783280223
1,Deaths,212,Mauritania,3,Both,22,All Ages,560,Alcohol use disorders,1,Number,2017,30.885566043930428,59.53345127299573,15.189145041532054
1,Deaths,156,United Arab Emirates,1,Male,22,All Ages,560,Alcohol use disorders,1,Number,2017,83.67650656235243,136.53891801216923,46.19370075104586
1,Deaths,156,United Arab Emirates,2,Female,22,All Ages,560,Alcohol use disorders,1,Number,2017,3.0016306014102927,5.155565358168764,1.323787610098701
1,Deaths,156,United Arab Emirates,3,Both,22,All Ages,560,Alcohol use disorders,1,Number,2017,86.67813716376281,139.45381461909355,48.88229175979545
1,Deaths,16,Philippines,1,Male,22,All Ages,560,Alcohol use disorders,1,Number,2017,1278.8878125431618,1582.992707586031,1016.7425173882284
1,Deaths,16,Philippines,2,Female,22,All Ages,560,Alcohol use disorders,1,Number,2017,151.4138853740365,332.8976814257991,109.97022023982784
1,Deaths,16,Philippines,3,Both,22,All Ages,560,Alcohol use disorders,1,Number,2017,1430.3016979171969,1760.1057393390533,1154.1161753264191
1,Deaths,140,Bahrain,1,Male,22,All Ages,560,Alcohol use disorders,1,Number,2017,8.953845539636333,13.510284239523791,6.813010475117915
1,Deaths,140,Bahrain,2,Female,22,All Ages,560,Alcohol use disorders,1,Number,2017,0.3202947464315196,0.40964271042867734,0.23845003800308143
1,Deaths,140,Bahrain,3,Both,22,All Ages,560,Alcohol use disorders,1,Number,2017,9.274140286067862,13.86376866938346,7.123368096222454
1,Deaths,141,Egypt,1,Male,22,All Ages,560,Alcohol use disorders,1,Number,2017,167.7793939203431,225.3551907602132,107.46682878465369
1,Deaths,141,Egypt,2,Female,22,All Ages,560,Alcohol use disorders,1,Number,2017,33.93734155158626,48.12314335900664,16.382468510265365
1,Deaths,141,Egypt,3,Both,22,All Ages,560,Alcohol use disorders,1,Number,2017,201.71673547192938,265.4697220380444,130.31808300618926
1,Deaths,139,Algeria,1,Male,22,All Ages,560,Alcohol use disorders,1,Number,2017,107.957293711406,142.31366651299504,78.9598294838107
1,Deaths,139,Algeria,2,Female,22,All Ages,560,Alcohol use disorders,1,Number,2017,22.375190408080314,31.327114475523206,11.852402933704978
1,Deaths,139,Algeria,3,Both,22,All Ages,560,Alcohol use disorders,1,Number,2017,130.3324841194862,163.32315376796606,94.40679456317493
1,Deaths,182,Malawi,1,Male,22,All Ages,560,Alcohol use disorders,1,Number,2017,174.6941040504777,229.63758920500027,123.74215675796641
1,Deaths,182,Malawi,2,Female,22,All Ages,560,Alcohol use disorders,1,Number,2017,44.903259361183395,65.52417061005926,24.970858167229203
1,Deaths,182,Malawi,3,Both,22,All Ages,560,Alcohol use disorders,1,Number,2017,219.5973634116611,278.4147853952451,166.52201900329516
1,Deaths,37,Kyrgyzstan,1,Male,22,All Ages,560,Alcohol use disorders,1,Number,2017,312.37076992000067,366.5910136313797,268.4541949924537
1,Deaths,37,Kyrgyzstan,2,Female,22,All Ages,560,Alcohol use disorders,1,Number,2017,72.35894609045373,89.40704351418297,59.20360596729932
1,Deaths,37,Kyrgyzstan,3,Both,22,All Ages,560,Alcohol use disorders,1,Number,2017,384.72971601045475,445.818058272042,341.8406914300664
1,Deaths,115,Jamaica,1,Male,22,All Ages,560,Alcohol use disorders,1,Number,2017,13.17559374801432,16.778506370131772,9.290889833286524
1,Deaths,115,Jamaica,2,Female,22,All Ages,560,Alcohol use disorders,1,Number,2017,2.3257491501905476,3.062563369701038,1.6683536748548846
1,Deaths,115,Jamaica,3,Both,22,All Ages,560,Alcohol use disorders,1,Number,2017,15.501342898204873,19.234200090800094,11.364788145256464
1,Deaths,186,Seychelles,1,Male,22,All Ages,560,Alcohol use disorders,1,Number,2017,0.9557194740357267,1.1973955524609963,0.7679927361616521
1,Deaths,186,Seychelles,2,Female,22,All Ages,560,Alcohol use disorders,1,Number,2017,0.027863006811953226,0.036318771318699775,0.02293590371521805
1,Deaths,186,Seychelles,3,Both,22,All Ages,560,Alcohol use disorders,1,Number,2017,0.9835824808476787,1.2212839273739815,0.7975617530483118
1,Deaths,161,Bangladesh,1,Male,22,All Ages,560,Alcohol use disorders,1,Number,2017,212.89519343444977,287.4363669954941,163.75730723477034
1,Deaths,161,Bangladesh,2,Female,22,All Ages,560,Alcohol use disorders,1,Number,2017,44.848611614976676,75.6828945242753,33.69664674614171
1,Deaths,161,Bangladesh,3,Both,22,All Ages,560,Alcohol use disorders,1,Number,2017,257.7438050494265,350.3691692729342,205.58756391196795
1,Deaths,163,India,1,Male,22,All Ages,560,Alcohol use disorders,1,Number,2017,26938.212562699693,30747.651904750313,17884.857842708345
1,Deaths,163,India,2,Female,22,All Ages,560,Alcohol use disorders,1,Number,2017,1887.3501024100128,2341.521278341743,982.24437795341
1,Deaths,163,India,3,Both,22,All Ages,560,Alcohol use disorders,1,Number,2017,28825.562665109723,32782.994003533415,19041.87282333705
1,Deaths,108,Belize,1,Male,22,All Ages,560,Alcohol use disorders,1,Number,2017,10.519590504335953,12.102590756389318,9.035357569841228
1,Deaths,108,Belize,2,Female,22,All Ages,560,Alcohol use disorders,1,Number,2017,0.9240549018930024,1.1060276690840922,0.6663957074965154
1,Deaths,108,Belize,3,Both,22,All Ages,560,Alcohol use disorders,1,Number,2017,11.443645406228974,13.027294316407751,9.98213832786934
1,Deaths,17,Sri Lanka,1,Male,22,All Ages,560,Alcohol use disorders,1,Number,2017,466.07500008850116,712.9769064690851,325.4221511739186
1,Deaths,17,Sri Lanka,2,Female,22,All Ages,560,Alcohol use disorders,1,Number,2017,40.79455610975749,69.90928117244154,27.803753129882363
1,Deaths,17,Sri Lanka,3,Both,22,All Ages,560,Alcohol use disorders,1,Number,2017,506.86955619825903,773.4109896152205,364.23582735050223
1,Deaths,142,Iran,1,Male,22,All Ages,560,Alcohol use disorders,1,Number,2017,234.45665994419446,309.0868340383529,203.89875579427905
1,Deaths,142,Iran,2,Female,22,All Ages,560,Alcohol use disorders,1,Number,2017,48.080444130786866,62.30954938895568,42.46287501406778
1,Deaths,142,Iran,3,Both,22,All Ages,560,Alcohol use disorders,1,Number,2017,282.5371040749813,375.1634008109481,251.28101512542867
1,Deaths,213,Niger,1,Male,22,All Ages,560,Alcohol use disorders,1,Number,2017,91.83164703921352,152.55174134973112,53.988912907254864
1,Deaths,213,Niger,2,Female,22,All Ages,560,Alcohol use disorders,1,Number,2017,28.061150675575654,41.85956289218145,12.7148105987784
1,Deaths,213,Niger,3,Both,22,All Ages,560,Alcohol use disorders,1,Number,2017,119.89279771478883,180.9643323233547,77.87573473966773
1,Deaths,116,Saint Lucia,1,Male,22,All Ages,560,Alcohol use disorders,1,Number,2017,6.46935877797553,7.520179108527265,5.379606075865939
1,Deaths,116,Saint Lucia,2,Female,22,All Ages,560,Alcohol use disorders,1,Number,2017,2.6727931671432263,3.185194816040133,1.7440545787035626
1,Deaths,116,Saint Lucia,3,Both,22,All Ages,560,Alcohol use disorders,1,Number,2017,9.142151945118751,10.414604168385075,7.904271349792781
1,Deaths,66,Brunei,1,Male,22,All Ages,560,Alcohol use disorders,1,Number,2017,1.3933517625693932,2.0923071389948857,1.1149381740590028
1,Deaths,66,Brunei,2,Female,22,All Ages,560,Alcohol use disorders,1,Number,2017,0.18430673282310098,0.25874855106996997,0.14698917254351263
1,Deaths,66,Brunei,3,Both,22,All Ages,560,Alcohol use disorders,1,Number,2017,1.5776584953924948,2.3089515935481866,1.2837527434612057
1,Deaths,187,Somalia,1,Male,22,All Ages,560,Alcohol use disorders,1,Number,2017,104.48444936645987,211.302301934032,46.12527994746734
1,Deaths,187,Somalia,2,Female,22,All Ages,560,Alcohol use disorders,1,Number,2017,49.46100547498716,86.28202207962094,25.903081154588293
1,Deaths,187,Somalia,3,Both,22,All Ages,560,Alcohol use disorders,1,Number,2017,153.94545484144697,278.7484705049598,81.27779789430143
1,Deaths,62,Russian Federation,1,Male,22,All Ages,560,Alcohol use disorders,1,Number,2017,22079.090868511852,22930.54084484144,21222.206869848116
1,Deaths,62,Russian Federation,2,Female,22,All Ages,560,Alcohol use disorders,1,Number,2017,6424.872722408631,7778.652641219444,5740.533867525426
1,Deaths,62,Russian Federation,3,Both,22,All Ages,560,Alcohol use disorders,1,Number,2017,28503.963590920474,30026.90174880714,27339.361392610543
1,Deaths,193,Botswana,1,Male,22,All Ages,560,Alcohol use disorders,1,Number,2017,19.48061167908655,29.328806765801886,12.401837034574877
1,Deaths,193,Botswana,2,Female,22,All Ages,560,Alcohol use disorders,1,Number,2017,6.4589681140138975,8.389892721265674,4.115474474414424
1,Deaths,193,Botswana,3,Both,22,All Ages,560,Alcohol use disorders,1,Number,2017,25.939579793100425,36.20962895551278,18.00763592685415
1,Deaths,164,Nepal,1,Male,22,All Ages,560,Alcohol use disorders,1,Number,2017,260.55588893670136,395.7355759517797,108.6410582830962
1,Deaths,164,Nepal,2,Female,22,All Ages,560,Alcohol use disorders,1,Number,2017,17.103616162937865,25.206797356037963,9.001612498401878
1,Deaths,164,Nepal,3,Both,22,All Ages,560,Alcohol use disorders,1,Number,2017,277.6595050996389,414.9467454954513,123.73868145692585
1,Deaths,209,Guinea-Bissau,1,Male,22,All Ages,560,Alcohol use disorders,1,Number,2017,14.572399003044186,24.07459845401932,8.355419259591024
1,Deaths,209,Guinea-Bissau,2,Female,22,All Ages,560,Alcohol use disorders,1,Number,2017,4.348355782943693,6.258093423472948,2.0779803676828688
1,Deaths,209,Guinea-Bissau,3,Both,22,All Ages,560,Alcohol use disorders,1,Number,2017,18.920754785987917,27.740643640406415,11.95468867319596
1,Deaths,157,Yemen,1,Male,22,All Ages,560,Alcohol use disorders,1,Number,2017,64.68905153457452,111.46568446262295,34.49779024635579
1,Deaths,157,Yemen,2,Female,22,All Ages,560,Alcohol use disorders,1,Number,2017,11.80519202194648,22.383706495681974,5.686998523541569
1,Deaths,157,Yemen,3,Both,22,All Ages,560,Alcohol use disorders,1,Number,2017,76.49424355652096,131.61201217061642,42.46772000950682
1,Deaths,215,Sao Tome and Principe,1,Male,22,All Ages,560,Alcohol use disorders,1,Number,2017,2.436930682837488,3.6114920155213412,1.5030084842546196
1,Deaths,215,Sao Tome and Principe,2,Female,22,All Ages,560,Alcohol use disorders,1,Number,2017,0.06294409499507946,0.1003759547570516,0.03611237851037603
1,Deaths,215,Sao Tome and Principe,3,Both,22,All Ages,560,Alcohol use disorders,1,Number,2017,2.4998747778325656,3.6848126837835715,1.556054884205166
1,Deaths,214,Nigeria,1,Male,22,All Ages,560,Alcohol use disorders,1,Number,2017,1475.7732428352033,2763.140145744334,628.2770368937382
1,Deaths,214,Nigeria,2,Female,22,All Ages,560,Alcohol use disorders,1,Number,2017,485.45398895783035,842.170687992961,172.20666670356113
1,Deaths,214,Nigeria,3,Both,22,All Ages,560,Alcohol use disorders,1,Number,2017,1961.2272317930347,3359.362052685243,976.1886732081983
1,Deaths,435,South Sudan,1,Male,22,All Ages,560,Alcohol use disorders,1,Number,2017,64.83452418012851,131.0303549642708,27.66440045974931
1,Deaths,435,South Sudan,2,Female,22,All Ages,560,Alcohol use disorders,1,Number,2017,24.486741453490374,41.970654710574934,14.189687648952551
1,Deaths,435,South Sudan,3,Both,22,All Ages,560,Alcohol use disorders,1,Number,2017,89.32126563361902,164.03247053754276,47.52784563529661
1,Deaths,216,Senegal,1,Male,22,All Ages,560,Alcohol use disorders,1,Number,2017,103.25880156957986,178.6385022247107,61.13412466353724
1,Deaths,216,Senegal,2,Female,22,All Ages,560,Alcohol use disorders,1,Number,2017,23.827762176604054,38.382065093608034,9.761550081788952
1,Deaths,216,Senegal,3,Both,22,All Ages,560,Alcohol use disorders,1,Number,2017,127.08656374618359,209.11063943135838,83.07333090262424
1,Deaths,41,Uzbekistan,1,Male,22,All Ages,560,Alcohol use disorders,1,Number,2017,237.46858954106463,289.57629709012497,190.3050452952079
1,Deaths,41,Uzbekistan,2,Female,22,All Ages,560,Alcohol use disorders,1,Number,2017,73.02727772611249,285.96273762292077,43.21354552592204
1,Deaths,41,Uzbekistan,3,Both,22,All Ages,560,Alcohol use disorders,1,Number,2017,310.4958672671774,519.3283953761434,245.09230548468707
1,Deaths,183,Mauritius,1,Male,22,All Ages,560,Alcohol use disorders,1,Number,2017,72.83146570134812,84.74194944265497,61.6710440892041
1,Deaths,183,Mauritius,2,Female,22,All Ages,560,Alcohol use disorders,1,Number,2017,4.942143799632239,6.23543562329623,2.0783249865563
1,Deaths,183,Mauritius,3,Both,22,All Ages,560,Alcohol use disorders,1,Number,2017,77.77360950098029,89.83910675023482,66.36083556597379
1,Deaths,117,Saint Vincent and the Grenadines,1,Male,22,All Ages,560,Alcohol use disorders,1,Number,2017,8.967576754415196,10.381356514506535,7.70744265960647
1,Deaths,117,Saint Vincent and the Grenadines,2,Female,22,All Ages,560,Alcohol use disorders,1,Number,2017,0.9532431434353184,1.1283078761525203,0.6036668176739782
1,Deaths,117,Saint Vincent and the Grenadines,3,Both,22,All Ages,560,Alcohol use disorders,1,Number,2017,9.920819897850514,11.309771507822052,8.623120222808458
1,Deaths,67,Japan,1,Male,22,All Ages,560,Alcohol use disorders,1,Number,2017,878.8369867612041,978.6051937219863,802.3174668144511
1,Deaths,67,Japan,2,Female,22,All Ages,560,Alcohol use disorders,1,Number,2017,75.78126145474764,86.5484970913418,46.33699912073588
1,Deaths,67,Japan,3,Both,22,All Ages,560,Alcohol use disorders,1,Number,2017,954.6182482159516,1056.3589529380788,881.3244433184113
1,Deaths,165,Pakistan,1,Male,22,All Ages,560,Alcohol use disorders,1,Number,2017,1402.2143108908238,2667.2666635102573,591.0141149547942
1,Deaths,165,Pakistan,2,Female,22,All Ages,560,Alcohol use disorders,1,Number,2017,145.07225951681193,200.10044119743532,98.36780622967721
1,Deaths,165,Pakistan,3,Both,22,All Ages,560,Alcohol use disorders,1,Number,2017,1547.2865704076341,2823.1530560900756,730.9189738871775
1,Deaths,162,Bhutan,1,Male,22,All Ages,560,Alcohol use disorders,1,Number,2017,12.230189911340902,17.89464365304841,5.0810486815487375
1,Deaths,162,Bhutan,2,Female,22,All Ages,560,Alcohol use disorders,1,Number,2017,0.46286651175970595,0.6717821498781787,0.28307552903441047
1,Deaths,162,Bhutan,3,Both,22,All Ages,560,Alcohol use disorders,1,Number,2017,12.693056423100602,18.430452604752297,5.454831543126422
1,Deaths,168,Angola,1,Male,22,All Ages,560,Alcohol use disorders,1,Number,2017,192.83474222731726,295.8506799028744,135.81585119378312
1,Deaths,168,Angola,2,Female,22,All Ages,560,Alcohol use disorders,1,Number,2017,54.16021533361692,83.97146616296807,32.729046306972705
1,Deaths,168,Angola,3,Both,22,All Ages,560,Alcohol use disorders,1,Number,2017,246.99495756093432,354.26681275689265,183.39160053220985
1,Deaths,33,Armenia,1,Male,22,All Ages,560,Alcohol use disorders,1,Number,2017,40.62822300415286,45.57373095898695,36.046691686636706
1,Deaths,33,Armenia,2,Female,22,All Ages,560,Alcohol use disorders,1,Number,2017,17.524547418846794,42.09696991381583,13.684760974881106
1,Deaths,33,Armenia,3,Both,22,All Ages,560,Alcohol use disorders,1,Number,2017,58.15277042299962,83.2766040305644,51.00218515278252
1,Deaths,194,Lesotho,1,Male,22,All Ages,560,Alcohol use disorders,1,Number,2017,28.08460650402226,45.51335803922858,16.636858651771085
1,Deaths,194,Lesotho,2,Female,22,All Ages,560,Alcohol use disorders,1,Number,2017,7.435794827806258,12.239014037413753,4.095056901801105
1,Deaths,194,Lesotho,3,Both,22,All Ages,560,Alcohol use disorders,1,Number,2017,35.52040133182849,53.2946781924193,23.201385945698156
1,Deaths,143,Iraq,1,Male,22,All Ages,560,Alcohol use disorders,1,Number,2017,50.874488204453165,63.1478645238506,41.19488180944917
1,Deaths,143,Iraq,2,Female,22,All Ages,560,Alcohol use disorders,1,Number,2017,25.299546405680854,31.782383141800015,13.44064099041322
1,Deaths,143,Iraq,3,Both,22,All Ages,560,Alcohol use disorders,1,Number,2017,76.17403461013396,89.67387100667712,61.502780177930276
1,Deaths,89,Netherlands,1,Male,22,All Ages,560,Alcohol use disorders,1,Number,2017,391.5293349408578,437.7674236980837,351.302248581326
1,Deaths,89,Netherlands,2,Female,22,All Ages,560,Alcohol use disorders,1,Number,2017,141.15149513832634,161.0983802115524,83.85321596688974
1,Deaths,89,Netherlands,3,Both,22,All Ages,560,Alcohol use disorders,1,Number,2017,532.6808300791843,587.5028811254615,480.0805249404959
1,Deaths,118,Suriname,1,Male,22,All Ages,560,Alcohol use disorders,1,Number,2017,17.27235375449666,21.045006373001634,13.982345816155654
1,Deaths,118,Suriname,2,Female,22,All Ages,560,Alcohol use disorders,1,Number,2017,3.133895467437656,3.759097630154493,2.103216878299307
1,Deaths,118,Suriname,3,Both,22,All Ages,560,Alcohol use disorders,1,Number,2017,20.406249221934317,24.31664207761536,16.970374520458403
1,Deaths,217,Sierra Leone,1,Male,22,All Ages,560,Alcohol use disorders,1,Number,2017,50.27941500627135,83.76477526119716,28.851369438354265
1,Deaths,217,Sierra Leone,2,Female,22,All Ages,560,Alcohol use disorders,1,Number,2017,18.30803083472322,25.02561520108507,7.7145427104997655
1,Deaths,217,Sierra Leone,3,Both,22,All Ages,560,Alcohol use disorders,1,Number,2017,68.58744584099462,101.013916022802,47.661624645067775
1,Deaths,109,Cuba,1,Male,22,All Ages,560,Alcohol use disorders,1,Number,2017,597.9978427245916,721.0897186974166,502.5806983957312
1,Deaths,109,Cuba,2,Female,22,All Ages,560,Alcohol use disorders,1,Number,2017,105.63510290540653,134.3422765550482,34.09850552908137
1,Deaths,109,Cuba,3,Both,22,All Ages,560,Alcohol use disorders,1,Number,2017,703.6329456299972,825.6351820142481,596.8416110804867
1,Deaths,92,Spain,1,Male,22,All Ages,560,Alcohol use disorders,1,Number,2017,382.09618116587046,435.7438054802885,339.02418614560946
1,Deaths,92,Spain,2,Female,22,All Ages,560,Alcohol use disorders,1,Number,2017,81.78523041919048,95.74595168069598,67.44588533123667
1,Deaths,92,Spain,3,Both,22,All Ages,560,Alcohol use disorders,1,Number,2017,463.8814115850609,519.4942216567129,418.15826439931584
1,Deaths,68,South Korea,1,Male,22,All Ages,560,Alcohol use disorders,1,Number,2017,922.0753987273201,1078.5612226890578,801.468261393076
1,Deaths,68,South Korea,2,Female,22,All Ages,560,Alcohol use disorders,1,Number,2017,106.54080983806357,175.0486311948962,84.46466852988172
1,Deaths,68,South Korea,3,Both,22,All Ages,560,Alcohol use disorders,1,Number,2017,1028.6162085653843,1204.1570933101284,895.1713646897331
1,Deaths,195,Namibia,1,Male,22,All Ages,560,Alcohol use disorders,1,Number,2017,32.055848356439526,44.776549322649316,21.908269664139176
1,Deaths,195,Namibia,2,Female,22,All Ages,560,Alcohol use disorders,1,Number,2017,6.512321292055834,10.20264947461906,3.5919778851036597
1,Deaths,195,Namibia,3,Both,22,All Ages,560,Alcohol use disorders,1,Number,2017,38.568169648495335,52.15865671879676,28.085803673946078
1,Deaths,184,Mozambique,1,Male,22,All Ages,560,Alcohol use disorders,1,Number,2017,399.7333905087921,628.7950874418519,257.7613111709557
1,Deaths,184,Mozambique,2,Female,22,All Ages,560,Alcohol use disorders,1,Number,2017,95.822439739202,152.58987910627025,62.56540925337793
1,Deaths,184,Mozambique,3,Both,22,All Ages,560,Alcohol use disorders,1,Number,2017,495.5558302479939,741.0996840828998,335.28633453930865
1,Deaths,43,Albania,1,Male,22,All Ages,560,Alcohol use disorders,1,Number,2017,11.774662234869712,17.561465767298145,8.362084086906412
1,Deaths,43,Albania,2,Female,22,All Ages,560,Alcohol use disorders,1,Number,2017,3.690705679465202,5.146538376173493,2.5514807348472655
1,Deaths,43,Albania,3,Both,22,All Ages,560,Alcohol use disorders,1,Number,2017,15.465367914334903,21.751124654716584,11.467507912398794
1,Deaths,210,Liberia,1,Male,22,All Ages,560,Alcohol use disorders,1,Number,2017,39.76313278247134,67.93779299073941,24.27193278486321
1,Deaths,210,Liberia,2,Female,22,All Ages,560,Alcohol use disorders,1,Number,2017,8.051523598237006,11.118233178140347,3.7356945997874247
1,Deaths,210,Liberia,3,Both,22,All Ages,560,Alcohol use disorders,1,Number,2017,47.81465638070834,76.12275501315993,31.574700588884788
1,Deaths,144,Jordan,1,Male,22,All Ages,560,Alcohol use disorders,1,Number,2017,18.162465461779444,23.766463229721644,14.133444284527863
1,Deaths,144,Jordan,2,Female,22,All Ages,560,Alcohol use disorders,1,Number,2017,2.8374316499998424,3.7568981172938103,1.8893580031171413
1,Deaths,144,Jordan,3,Both,22,All Ages,560,Alcohol use disorders,1,Number,2017,20.999897111779294,26.53551864944805,16.713106495808198
1,Deaths,90,Norway,1,Male,22,All Ages,560,Alcohol use disorders,1,Number,2017,203.67288585231012,222.39834999424764,190.85140730144388
1,Deaths,90,Norway,2,Female,22,All Ages,560,Alcohol use disorders,1,Number,2017,57.743431687617154,66.75523865562461,49.53044943212301
1,Deaths,90,Norway,3,Both,22,All Ages,560,Alcohol use disorders,1,Number,2017,261.416317539927,285.74096710961544,245.7550411688136
1,Deaths,119,Trinidad and Tobago,1,Male,22,All Ages,560,Alcohol use disorders,1,Number,2017,32.27480275377692,42.118874746664176,24.058914609377396
1,Deaths,119,Trinidad and Tobago,2,Female,22,All Ages,560,Alcohol use disorders,1,Number,2017,5.500656686191155,7.77833135838638,3.331965936813895
1,Deaths,119,Trinidad and Tobago,3,Both,22,All Ages,560,Alcohol use disorders,1,Number,2017,37.775459439968074,47.838717036065866,29.365157955583076
1,Deaths,93,Sweden,1,Male,22,All Ages,560,Alcohol use disorders,1,Number,2017,301.15602264982397,330.55517129161524,273.5451997258135
1,Deaths,93,Sweden,2,Female,22,All Ages,560,Alcohol use disorders,1,Number,2017,73.38637349233021,110.89337111323081,61.57893579149516
1,Deaths,93,Sweden,3,Both,22,All Ages,560,Alcohol use disorders,1,Number,2017,374.54239614215413,423.34263773520496,341.44980579793497
1,Deaths,69,Singapore,1,Male,22,All Ages,560,Alcohol use disorders,1,Number,2017,11.21514311018789,13.128378958383857,9.597582923413356
1,Deaths,69,Singapore,2,Female,22,All Ages,560,Alcohol use disorders,1,Number,2017,1.3083280005095839,1.9589871064137103,1.0384413034182323
1,Deaths,69,Singapore,3,Both,22,All Ages,560,Alcohol use disorders,1,Number,2017,12.52347111069747,14.625836297712668,10.86948617860974
1,Deaths,145,Kuwait,1,Male,22,All Ages,560,Alcohol use disorders,1,Number,2017,8.905074642066822,11.13921942892442,6.663125971411672
1,Deaths,145,Kuwait,2,Female,22,All Ages,560,Alcohol use disorders,1,Number,2017,0.47076589587051565,0.7030025227200655,0.3241035957657691
1,Deaths,145,Kuwait,3,Both,22,All Ages,560,Alcohol use disorders,1,Number,2017,9.375840537937332,11.626239942682023,7.194120417800396
1,Deaths,18,Thailand,1,Male,22,All Ages,560,Alcohol use disorders,1,Number,2017,2073.6863736521454,2545.352964833524,1407.5572373452603
1,Deaths,18,Thailand,2,Female,22,All Ages,560,Alcohol use disorders,1,Number,2017,239.44613258153373,381.9092640228277,191.45487379885097
1,Deaths,18,Thailand,3,Both,22,All Ages,560,Alcohol use disorders,1,Number,2017,2313.132506233675,2790.271739614939,1686.5565619099916
1,Deaths,91,Portugal,1,Male,22,All Ages,560,Alcohol use disorders,1,Number,2017,232.782512296715,268.5519422864045,198.97128922267174
1,Deaths,91,Portugal,2,Female,22,All Ages,560,Alcohol use disorders,1,Number,2017,61.74383025371426,72.66971272278374,46.707292810603285
1,Deaths,91,Portugal,3,Both,22,All Ages,560,Alcohol use disorders,1,Number,2017,294.5263425504292,330.844903725812,262.3180949054758
1,Deaths,211,Mali,1,Male,22,All Ages,560,Alcohol use disorders,1,Number,2017,89.7637825882911,169.7353763505943,49.051708669355904
1,Deaths,211,Mali,2,Female,22,All Ages,560,Alcohol use disorders,1,Number,2017,25.47284881629901,41.5750300388468,11.549943504887226
1,Deaths,211,Mali,3,Both,22,All Ages,560,Alcohol use disorders,1,Number,2017,115.23663140458996,197.94024631795116,71.27573691302815
1,Deaths,110,Dominica,1,Male,22,All Ages,560,Alcohol use disorders,1,Number,2017,3.702060702905033,4.262447855492602,3.1726311064112642
1,Deaths,110,Dominica,2,Female,22,All Ages,560,Alcohol use disorders,1,Number,2017,1.1007366834822991,1.303252602250156,0.6364308908531838
1,Deaths,110,Dominica,3,Both,22,All Ages,560,Alcohol use disorders,1,Number,2017,4.8027973863873346,5.442569508272737,4.190506369871672
1,Deaths,111,Dominican Republic,1,Male,22,All Ages,560,Alcohol use disorders,1,Number,2017,134.75234872360744,303.8206470519821,92.20706080445599
1,Deaths,111,Dominican Republic,2,Female,22,All Ages,560,Alcohol use disorders,1,Number,2017,28.701122630435513,39.08022516702904,21.95933592829079
1,Deaths,111,Dominican Republic,3,Both,22,All Ages,560,Alcohol use disorders,1,Number,2017,163.45347135404296,343.0701519879637,118.90971066233219
1,Deaths,94,Switzerland,1,Male,22,All Ages,560,Alcohol use disorders,1,Number,2017,183.46730779890507,212.8928277075048,159.8574220286715
1,Deaths,94,Switzerland,2,Female,22,All Ages,560,Alcohol use disorders,1,Number,2017,71.7443799081059,84.16933014891276,57.28929170275418
1,Deaths,94,Switzerland,3,Both,22,All Ages,560,Alcohol use disorders,1,Number,2017,255.21168770701104,290.7842760604049,228.96128528586763
1,Deaths,146,Lebanon,1,Male,22,All Ages,560,Alcohol use disorders,1,Number,2017,20.534959278980626,29.70244009943237,12.664301812192651
1,Deaths,146,Lebanon,2,Female,22,All Ages,560,Alcohol use disorders,1,Number,2017,3.822686525864661,6.601374581644227,1.382721010430905
1,Deaths,146,Lebanon,3,Both,22,All Ages,560,Alcohol use disorders,1,Number,2017,24.357645804845326,33.530385706791414,15.210700293007267
1,Deaths,22,Fiji,1,Male,22,All Ages,560,Alcohol use disorders,1,Number,2017,1.7349588030776268,2.2426122712560814,1.318445622477986
1,Deaths,22,Fiji,2,Female,22,All Ages,560,Alcohol use disorders,1,Number,2017,0.20376648653704807,0.2962952876824308,0.15226782713793138
1,Deaths,22,Fiji,3,Both,22,All Ages,560,Alcohol use disorders,1,Number,2017,1.9387252896146785,2.4973226375128363,1.5249687706684965
1,Deaths,19,Timor-Leste,1,Male,22,All Ages,560,Alcohol use disorders,1,Number,2017,10.57558576731406,20.065220717984552,5.13247650894634
1,Deaths,19,Timor-Leste,2,Female,22,All Ages,560,Alcohol use disorders,1,Number,2017,0.9219893513069467,1.325811840284646,0.569495053719771
1,Deaths,19,Timor-Leste,3,Both,22,All Ages,560,Alcohol use disorders,1,Number,2017,11.497575118621018,21.01968956234784,5.821939085674993
1,Deaths,71,Australia,1,Male,22,All Ages,560,Alcohol use disorders,1,Number,2017,451.0891129486269,527.879027921556,386.26139910879647
1,Deaths,71,Australia,2,Female,22,All Ages,560,Alcohol use disorders,1,Number,2017,153.0232305891444,185.95659824243495,92.03493625242439
1,Deaths,71,Australia,3,Both,22,All Ages,560,Alcohol use disorders,1,Number,2017,604.1123435377715,691.2971918524169,526.3643511513955
1,Deaths,95,United Kingdom,1,Male,22,All Ages,560,Alcohol use disorders,1,Number,2017,1574.9177109817135,1645.0358450803756,1488.194823337609
1,Deaths,95,United Kingdom,2,Female,22,All Ages,560,Alcohol use disorders,1,Number,2017,744.4814429183929,816.3099111425431,284.7915663661859
1,Deaths,95,United Kingdom,3,Both,22,All Ages,560,Alcohol use disorders,1,Number,2017,2319.399153900106,2430.3178652255715,1857.0451368270972
1,Deaths,218,Togo,1,Male,22,All Ages,560,Alcohol use disorders,1,Number,2017,71.57551423900944,115.94906549139729,40.66159188468232
1,Deaths,218,Togo,2,Female,22,All Ages,560,Alcohol use disorders,1,Number,2017,14.49200033659946,20.019120246666688,6.230364973518506
1,Deaths,218,Togo,3,Both,22,All Ages,560,Alcohol use disorders,1,Number,2017,86.06751457560901,130.48633243720337,53.51939741726582
1,Deaths,112,Grenada,1,Male,22,All Ages,560,Alcohol use disorders,1,Number,2017,3.5897961586903366,4.11003986726926,3.089907147338663
1,Deaths,112,Grenada,2,Female,22,All Ages,560,Alcohol use disorders,1,Number,2017,0.4056352087372752,0.4744828974216711,0.3148260277760955
1,Deaths,112,Grenada,3,Both,22,All Ages,560,Alcohol use disorders,1,Number,2017,3.9954313674276194,4.529632894754853,3.4781694506097462
1,Deaths,20,Vietnam,1,Male,22,All Ages,560,Alcohol use disorders,1,Number,2017,1015.5425118177468,1352.2157687495715,573.977055134499
1,Deaths,20,Vietnam,2,Female,22,All Ages,560,Alcohol use disorders,1,Number,2017,20.20772787069198,27.857826511165,14.987826774508205
1,Deaths,20,Vietnam,3,Both,22,All Ages,560,Alcohol use disorders,1,Number,2017,1035.7502396884404,1373.1361642039024,589.4730318914126
1,Deaths,189,Tanzania,1,Male,22,All Ages,560,Alcohol use disorders,1,Number,2017,449.8957856889392,598.3912499723081,317.4143501367512
1,Deaths,189,Tanzania,2,Female,22,All Ages,560,Alcohol use disorders,1,Number,2017,150.82107359904825,209.77125552729072,107.69670801884217
1,Deaths,189,Tanzania,3,Both,22,All Ages,560,Alcohol use disorders,1,Number,2017,600.7168592879868,758.7818549244447,455.74593394072645
1,Deaths,47,Czech Republic,1,Male,22,All Ages,560,Alcohol use disorders,1,Number,2017,346.3429438222345,391.57213556083747,307.10103686770657
1,Deaths,47,Czech Republic,2,Female,22,All Ages,560,Alcohol use disorders,1,Number,2017,99.37181709918852,117.65364923727016,55.379107017762784
1,Deaths,47,Czech Republic,3,Both,22,All Ages,560,Alcohol use disorders,1,Number,2017,445.7147609214232,496.20072384027094,394.06940306618736
1,Deaths,113,Guyana,1,Male,22,All Ages,560,Alcohol use disorders,1,Number,2017,29.58140352523713,36.21706217957582,22.74380929072808
1,Deaths,113,Guyana,2,Female,22,All Ages,560,Alcohol use disorders,1,Number,2017,9.595156944616972,12.166704940209828,6.562244039022454
1,Deaths,113,Guyana,3,Both,22,All Ages,560,Alcohol use disorders,1,Number,2017,39.176560469854124,46.424184112626925,32.16255894383746
1,Deaths,63,Ukraine,1,Male,22,All Ages,560,Alcohol use disorders,1,Number,2017,6640.29934239356,7417.162472913405,5940.720782957853
1,Deaths,63,Ukraine,2,Female,22,All Ages,560,Alcohol use disorders,1,Number,2017,1629.723466932067,4930.743084229829,1186.6895319744579
1,Deaths,63,Ukraine,3,Both,22,All Ages,560,Alcohol use disorders,1,Number,2017,8270.022809325645,11675.829241061145,7297.841490654752
1,Deaths,298,American Samoa,1,Male,22,All Ages,560,Alcohol use disorders,1,Number,2017,0.33011402976301985,0.4209155539093142,0.26110680884093185
1,Deaths,298,American Samoa,2,Female,22,All Ages,560,Alcohol use disorders,1,Number,2017,0.01442159192093119,0.020903829512536835,0.011523798915416078
1,Deaths,298,American Samoa,3,Both,22,All Ages,560,Alcohol use disorders,1,Number,2017,0.34453562168395174,0.4395795970496523,0.2770032550464078
1,Deaths,87,Luxembourg,1,Male,22,All Ages,560,Alcohol use disorders,1,Number,2017,17.43617529013791,21.629371884750455,14.503945563978764
1,Deaths,87,Luxembourg,2,Female,22,All Ages,560,Alcohol use disorders,1,Number,2017,8.69048914093322,11.256962547059407,6.38743590894451
1,Deaths,87,Luxembourg,3,Both,22,All Ages,560,Alcohol use disorders,1,Number,2017,26.12666443107115,31.637844133739833,22.479939331508746
1,Deaths,148,Morocco,1,Male,22,All Ages,560,Alcohol use disorders,1,Number,2017,108.88468137504364,155.0146829605633,72.3799559638113
1,Deaths,148,Morocco,2,Female,22,All Ages,560,Alcohol use disorders,1,Number,2017,20.823144483732513,34.604368097636005,11.008823846360476
1,Deaths,148,Morocco,3,Both,22,All Ages,560,Alcohol use disorders,1,Number,2017,129.70782585877603,179.6664480462761,90.65039225991583
1,Deaths,97,Argentina,1,Male,22,All Ages,560,Alcohol use disorders,1,Number,2017,747.1530420896796,885.6898849218704,617.3147024957872
1,Deaths,97,Argentina,2,Female,22,All Ages,560,Alcohol use disorders,1,Number,2017,109.93724384154373,187.18407245592675,85.44833309797545
1,Deaths,97,Argentina,3,Both,22,All Ages,560,Alcohol use disorders,1,Number,2017,857.0902859312248,1024.3162914147726,713.014148518996
1,Deaths,190,Uganda,1,Male,22,All Ages,560,Alcohol use disorders,1,Number,2017,235.4269217604832,327.385095529296,158.47849080706797
1,Deaths,190,Uganda,2,Female,22,All Ages,560,Alcohol use disorders,1,Number,2017,90.81779682765185,141.9682966727839,54.06453343967207
1,Deaths,190,Uganda,3,Both,22,All Ages,560,Alcohol use disorders,1,Number,2017,326.2447185881353,442.5381327473367,227.89997973371482
1,Deaths,114,Haiti,1,Male,22,All Ages,560,Alcohol use disorders,1,Number,2017,261.03816946290135,436.9523911673821,141.59258039775582
1,Deaths,114,Haiti,2,Female,22,All Ages,560,Alcohol use disorders,1,Number,2017,40.71372203004619,81.76736949864802,19.855705046674224
1,Deaths,114,Haiti,3,Both,22,All Ages,560,Alcohol use disorders,1,Number,2017,301.7518914929471,506.47806686169616,185.1055408673203
1,Deaths,39,Tajikistan,1,Male,22,All Ages,560,Alcohol use disorders,1,Number,2017,141.8660599300278,252.76800104283907,111.40406378997014
1,Deaths,39,Tajikistan,2,Female,22,All Ages,560,Alcohol use disorders,1,Number,2017,41.15625581559695,95.13911820713955,30.089296988878104
1,Deaths,39,Tajikistan,3,Both,22,All Ages,560,Alcohol use disorders,1,Number,2017,183.0223157456247,326.8529564720255,145.35188475274313
1,Deaths,172,Equatorial Guinea,1,Male,22,All Ages,560,Alcohol use disorders,1,Number,2017,9.100747339931957,14.646864652701044,5.182460296303163
1,Deaths,172,Equatorial Guinea,2,Female,22,All Ages,560,Alcohol use disorders,1,Number,2017,2.4945572640700213,4.02549827416053,1.274595362386442
1,Deaths,172,Equatorial Guinea,3,Both,22,All Ages,560,Alcohol use disorders,1,Number,2017,11.595304604001972,17.932111920164353,7.200151164262184
1,Deaths,72,New Zealand,1,Male,22,All Ages,560,Alcohol use disorders,1,Number,2017,47.45608240382982,52.95147831928061,41.992101832886775
1,Deaths,72,New Zealand,2,Female,22,All Ages,560,Alcohol use disorders,1,Number,2017,18.19902973159414,21.13355320659753,15.084200347618529
1,Deaths,72,New Zealand,3,Both,22,All Ages,560,Alcohol use disorders,1,Number,2017,65.65511213542392,72.5966628976504,59.6758793312404
1,Deaths,38,Mongolia,1,Male,22,All Ages,560,Alcohol use disorders,1,Number,2017,422.637568779877,557.2424803409373,103.20801133023508
1,Deaths,38,Mongolia,2,Female,22,All Ages,560,Alcohol use disorders,1,Number,2017,64.14546495573819,87.39036389355613,11.925157061801675
1,Deaths,38,Mongolia,3,Both,22,All Ages,560,Alcohol use disorders,1,Number,2017,486.78303373561545,629.8563692100956,123.34193186978136
1,Deaths,173,Gabon,1,Male,22,All Ages,560,Alcohol use disorders,1,Number,2017,22.7407237890949,36.3139310023493,15.190185639083847
1,Deaths,173,Gabon,2,Female,22,All Ages,560,Alcohol use disorders,1,Number,2017,4.486306063852467,6.3995972394584815,2.6040918114672067
1,Deaths,173,Gabon,3,Both,22,All Ages,560,Alcohol use disorders,1,Number,2017,27.227029852947336,41.267248685255964,19.207312663805386
1,Deaths,44,Bosnia and Herzegovina,1,Male,22,All Ages,560,Alcohol use disorders,1,Number,2017,102.28934420556853,212.9246913695039,78.43712834375361
1,Deaths,44,Bosnia and Herzegovina,2,Female,22,All Ages,560,Alcohol use disorders,1,Number,2017,10.234322316172781,25.050956141389882,7.646376632448933
1,Deaths,44,Bosnia and Herzegovina,3,Both,22,All Ages,560,Alcohol use disorders,1,Number,2017,112.52366652174149,231.92245994674934,87.38758596570605
1,Deaths,86,Italy,1,Male,22,All Ages,560,Alcohol use disorders,1,Number,2017,312.9594526241774,353.1806086921574,275.10678057919085
1,Deaths,86,Italy,2,Female,22,All Ages,560,Alcohol use disorders,1,Number,2017,124.59987861181473,143.92926538117266,90.11776673810688
1,Deaths,86,Italy,3,Both,22,All Ages,560,Alcohol use disorders,1,Number,2017,437.5593312359928,481.40297416925995,395.8868020749199
1,Deaths,196,South Africa,1,Male,22,All Ages,560,Alcohol use disorders,1,Number,2017,523.1431825728014,899.7027439622353,434.01165151993024
1,Deaths,196,South Africa,2,Female,22,All Ages,560,Alcohol use disorders,1,Number,2017,158.5485565947175,277.21623846553376,134.0685170880706
1,Deaths,196,South Africa,3,Both,22,All Ages,560,Alcohol use disorders,1,Number,2017,681.6917391675197,1130.783504709986,580.6173119222908
1,Deaths,88,Malta,1,Male,22,All Ages,560,Alcohol use disorders,1,Number,2017,3.6077551004908512,4.090734098386183,3.1571056517343994
1,Deaths,88,Malta,2,Female,22,All Ages,560,Alcohol use disorders,1,Number,2017,0.6845905860265127,0.8192837937291841,0.47826156780136203
1,Deaths,88,Malta,3,Both,22,All Ages,560,Alcohol use disorders,1,Number,2017,4.292345686517367,4.791496944662603,3.7933776090058235
1,Deaths,46,Croatia,1,Male,22,All Ages,560,Alcohol use disorders,1,Number,2017,219.70777021295876,246.951852390551,195.4671532671416
1,Deaths,46,Croatia,2,Female,22,All Ages,560,Alcohol use disorders,1,Number,2017,34.20526435140127,45.37342876288747,28.66359533777016
1,Deaths,46,Croatia,3,Both,22,All Ages,560,Alcohol use disorders,1,Number,2017,253.91303456435975,285.3914195586739,229.48958827726386
1,Deaths,191,Zambia,1,Male,22,All Ages,560,Alcohol use disorders,1,Number,2017,157.94386179263583,208.68854569269186,115.10506310719374
1,Deaths,191,Zambia,2,Female,22,All Ages,560,Alcohol use disorders,1,Number,2017,44.37126504458593,58.70267280010567,31.51905528423208
1,Deaths,191,Zambia,3,Both,22,All Ages,560,Alcohol use disorders,1,Number,2017,202.31512683722195,257.69604999371677,158.33929197745243
1,Deaths,197,Swaziland,1,Male,22,All Ages,560,Alcohol use disorders,1,Number,2017,15.736084012216535,24.186463371076677,9.63162140621357
1,Deaths,197,Swaziland,2,Female,22,All Ages,560,Alcohol use disorders,1,Number,2017,2.8380654809233135,4.604003657227633,1.5807094923067613
1,Deaths,197,Swaziland,3,Both,22,All Ages,560,Alcohol use disorders,1,Number,2017,18.574149493139867,27.302967129375766,11.99928071456379
1,Deaths,40,Turkmenistan,1,Male,22,All Ages,560,Alcohol use disorders,1,Number,2017,113.91641936711473,134.93048968272004,94.5736565058326
1,Deaths,40,Turkmenistan,2,Female,22,All Ages,560,Alcohol use disorders,1,Number,2017,31.10985511482013,52.625731271247915,23.861721716682634
1,Deaths,40,Turkmenistan,3,Both,22,All Ages,560,Alcohol use disorders,1,Number,2017,145.02627448193505,174.35904722388597,122.1624752576841
1,Deaths,121,Bolivia,1,Male,22,All Ages,560,Alcohol use disorders,1,Number,2017,256.577756847744,363.60941324684256,175.02623479834875
1,Deaths,121,Bolivia,2,Female,22,All Ages,560,Alcohol use disorders,1,Number,2017,47.76687423894616,71.88002998735858,27.29550572585015
1,Deaths,121,Bolivia,3,Both,22,All Ages,560,Alcohol use disorders,1,Number,2017,304.34463108669036,424.3552903801208,214.93899551163872
1,Deaths,171,Democratic Republic of the Congo,1,Male,22,All Ages,560,Alcohol use disorders,1,Number,2017,581.9905064802554,946.123693693058,326.52434777314795
1,Deaths,171,Democratic Republic of the Congo,2,Female,22,All Ages,560,Alcohol use disorders,1,Number,2017,164.40332028989948,300.91196991360226,83.4795383131132
1,Deaths,171,Democratic Republic of the Congo,3,Both,22,All Ages,560,Alcohol use disorders,1,Number,2017,746.3938267701561,1140.3147080759284,487.29519395163305
1,Deaths,123,Peru,1,Male,22,All Ages,560,Alcohol use disorders,1,Number,2017,235.48939033089968,608.5841840138878,157.57043947906996
1,Deaths,123,Peru,2,Female,22,All Ages,560,Alcohol use disorders,1,Number,2017,47.705165655770436,96.63940145472179,33.33317914614501
1,Deaths,123,Peru,3,Both,22,All Ages,560,Alcohol use disorders,1,Number,2017,283.1945559866702,692.2397088261604,197.4578402465133
1,Deaths,170,Congo,1,Male,22,All Ages,560,Alcohol use disorders,1,Number,2017,53.412579117946336,86.7094407319349,36.491368432943986
1,Deaths,170,Congo,2,Female,22,All Ages,560,Alcohol use disorders,1,Number,2017,18.78498202755634,32.63442438742195,9.34696808253748
1,Deaths,170,Congo,3,Both,22,All Ages,560,Alcohol use disorders,1,Number,2017,72.19756114550279,110.61120804110185,52.13666635785147
1,Deaths,198,Zimbabwe,1,Male,22,All Ages,560,Alcohol use disorders,1,Number,2017,65.20862013812958,145.09667089011305,36.439128315660405
1,Deaths,198,Zimbabwe,2,Female,22,All Ages,560,Alcohol use disorders,1,Number,2017,11.983718884755794,20.73018988079939,7.1262167977516135
1,Deaths,198,Zimbabwe,3,Both,22,All Ages,560,Alcohol use disorders,1,Number,2017,77.19233902288528,163.96880597277988,45.370511908926105
1,Deaths,169,Central African Republic,1,Male,22,All Ages,560,Alcohol use disorders,1,Number,2017,52.18182487436482,101.87440560853872,22.948230971828792
1,Deaths,169,Central African Republic,2,Female,22,All Ages,560,Alcohol use disorders,1,Number,2017,12.898267481141099,28.820781275481288,5.887977998337712
1,Deaths,169,Central African Republic,3,Both,22,All Ages,560,Alcohol use disorders,1,Number,2017,65.08009235550591,119.60056435779028,31.941582769739174
1,Deaths,147,Libya,1,Male,22,All Ages,560,Alcohol use disorders,1,Number,2017,32.98714819546221,48.64235505364231,21.41244691448921
1,Deaths,147,Libya,2,Female,22,All Ages,560,Alcohol use disorders,1,Number,2017,6.287404497369738,10.27846871224921,3.086160642154869
1,Deaths,147,Libya,3,Both,22,All Ages,560,Alcohol use disorders,1,Number,2017,39.274552692832,56.405165871712306,26.53982901361011
1,Deaths,122,Ecuador,1,Male,22,All Ages,560,Alcohol use disorders,1,Number,2017,376.1681875439503,447.4360813423356,311.5400190990821
1,Deaths,122,Ecuador,2,Female,22,All Ages,560,Alcohol use disorders,1,Number,2017,51.798792208824864,94.31228708681397,39.16467986952552
1,Deaths,122,Ecuador,3,Both,22,All Ages,560,Alcohol use disorders,1,Number,2017,427.9669797527748,502.02311677293443,361.866537505058
1,Deaths,45,Bulgaria,1,Male,22,All Ages,560,Alcohol use disorders,1,Number,2017,89.92275565806408,103.15985057501912,77.5829337593067
1,Deaths,45,Bulgaria,2,Female,22,All Ages,560,Alcohol use disorders,1,Number,2017,13.930051954956292,19.096342770696005,10.532805604790859
1,Deaths,45,Bulgaria,3,Both,22,All Ages,560,Alcohol use disorders,1,Number,2017,103.8528076130206,118.99117483005752,90.3734346173173
